feature,dropout_mean,graduate_mean
Tuition_fees_up_to_date,0.6783954961294862,0.9868718877320054
Debtor,0.21956368754398312,0.045722046174739704
Scholarship_holder,0.09429978888106967,0.37799909461294706
Curricular_units_1st_sem_approved,2.5517241379310347,6.232231779085559
Curricular_units_2nd_sem_approved,1.94018296973962,6.177003168854686
Curricular_units_1st_sem_grade,7.256655527717993,12.643654533680994
Curricular_units_2nd_sem_grade,5.899338850062285,12.69727584021306
Age_at_enrollment,26.06896551724138,21.78361249434133
